GEOID,positive,total,zcta_cum_perc_pos,pop_size,housing_total,housing_rental,rent_pct,hhsize_average,hhsize_rented,hhsize_owned,race_total,race_hisp,race_nhBlack,hispanic_pct,nhblack_pct,age65_total,male_65over,female_65over,age65_over_pct,Med_house_income,foodstamp_pct,unemployed_pct,uninsured_pct,case_rate
10001,170,364,46.7,21102,11031,8196,74.2997008430786,1.72,1.7,1.77,11031,1538,670,13.942525609645545,6.073792040612819,21102,1066,1561,12.449056961425457,88526,9.669374949722467,3.514079590411915,5.730742378403537,805.6108425741636
10002,405,792,51.14,81410,32925,27862,84.62262718299165,2.42,2.48,2.12,32925,8128,2052,24.686408504176157,6.232346241457859,81410,5540,8309,17.01142365802727,35859,32.614788312462736,4.919750929902797,8.499619818746018,497.48188183269866
10003,230,543,42.36,56024,28559,20169,70.62222066598972,1.63,1.59,1.72,28559,1786,611,6.253720368360237,2.139430652333765,56024,2452,3167,10.029630158503497,112131,2.3579849946409435,4.026729365177577,5.1379779730231405,410.5383407111238
10004,20,45,44.44,3089,1692,1246,73.64066193853428,1.81,1.73,2.02,1692,89,44,5.260047281323877,2.6004728132387704,3089,59,41,3.237293622531564,157645,0,3.201970443349754,4.885057471264368,647.4587245063127
10005,32,103,31.07,7135,4251,3592,84.49776523171019,1.67,1.64,1.84,4251,293,140,6.892495883321572,3.293342742884027,7135,28,33,0.8549404344779257,173333,0,2.8770362585391487,2.601156069364162,448.4933426769446
10006,8,33,24.24,3011,1791,1497,83.58458961474037,1.68,1.69,1.64,1791,140,87,7.816862088218872,4.857621440536013,3011,16,8,0.7970773829292593,176250,0,0.5352960856473737,2.4088323854131817,265.6924609764198
10007,30,86,34.88,6988,2840,2013,70.88028169014085,2.1,1.93,2.52,2840,134,68,4.71830985915493,2.3943661971830985,6988,117,70,2.6760160274756726,246813,2.30684730867814,2.2793296089385477,0.6480446927374302,429.3073840870063
10009,298,662,45.02,61347,30182,27628,91.53800278311577,1.99,2,1.93,30182,6353,2070,21.048969584520574,6.858392419322776,61347,2905,4864,12.664025950739239,61548,16.492868675995695,2.992783359275506,7.454837035988869,485.7613249221641
10010,133,377,35.28,31834,16556,12323,74.43223000724812,1.68,1.67,1.71,16556,1205,677,7.278328098574535,4.089151969074656,31834,1605,2419,12.640572972293773,117923,4.911531421598536,3.307472437729685,4.267047774601878,417.79229754350695
10011,308,640,48.12,50984,30294,19879,65.62025483594111,1.61,1.55,1.73,30294,2785,969,9.193239585396448,3.1986531986531985,50984,2853,3464,12.390161619331556,128613,6.924608624004394,3.1985175636480823,4.646041465248684,604.1110936764475
10012,86,241,35.68,24090,13338,10721,80.37936722147249,1.71,1.65,1.96,13338,865,238,6.485230169440697,1.784375468585995,24090,1351,1523,11.930261519302615,109037,4.517897184619217,2.8649008090435557,6.162030366840297,356.99460356994604
10013,131,301,43.52,27700,12096,8875,73.37136243386243,2.13,2.03,2.43,12096,521,272,4.307208994708995,2.2486772486772484,27700,1513,1876,12.234657039711191,105442,15.584848990488902,2.898550724637681,6.125747535154356,472.9241877256317
10014,186,391,47.57,31959,19790,14459,73.0621526023244,1.59,1.49,1.84,19790,991,324,5.007579585649318,1.637190500252653,31959,1822,2021,12.024781751619262,126601,3.236601020352186,4.485420240137222,4.5325900514579764,581.9956819675209
10016,344,814,42.26,54183,32173,24219,75.27740652099587,1.63,1.61,1.69,32173,2233,1074,6.940602368445591,3.3382028408914306,54183,2616,3557,11.392872303120905,117004,3.956287176649606,3.154326764981155,4.148432954746668,634.8854806858241
10017,74,212,34.91,16575,10763,6854,63.68112979652514,1.52,1.48,1.6,10763,625,264,5.80693115302425,2.452847719037443,16575,1018,1445,14.85972850678733,127506,1.9687026754164565,2.9406522901443592,3.412938870076635,446.4555052790347
10018,116,251,46.22,5229,3065,2630,85.80750407830342,1.65,1.62,1.83,3065,443,167,14.453507340946167,5.448613376835237,5229,174,171,6.597819850831899,108914,5.103042198233562,3.031755542240863,6.962252846015578,2218.3973991202906
10019,264,616,42.86,42870,25905,21284,82.16174483690408,1.63,1.63,1.64,25905,3242,1143,12.514958502219647,4.412275622466706,42870,2509,3367,13.70655470025659,98833,8.809186723297152,3.981586656304179,5.5807975130029295,615.8152554233731
10021,295,771,38.26,43631,24734,14731,59.557693862699125,1.71,1.57,1.91,24734,1134,367,4.584782081345516,1.4837874989892454,43631,3594,5302,20.389172835827736,118289,1.644263082093135,1.7481775072545829,4.855262226626088,676.1247736700969
10022,174,461,37.74,31924,19253,10126,52.59440087259129,1.62,1.53,1.72,19253,917,222,4.7628940944268425,1.1530670544850152,31924,3310,4137,23.32727728354843,135363,0.7701257687406504,2.1178302621334026,2.190500908383078,545.0444806415236
10023,269,695,38.71,60998,34383,21572,62.74030771020562,1.72,1.64,1.85,34383,2361,1297,6.866765552744089,3.7722130122444226,60998,4454,6258,17.561231515787405,130452,3.656545870062031,3.7379868487607486,3.60900354071826,440.99806551034465
10024,307,841,36.5,59283,30836,20559,66.67207160461798,1.88,1.73,2.17,30836,2753,1334,8.92787650797769,4.326112336230381,59283,4322,5632,16.790648246546226,131668,4.538972557476262,2.3918547648548185,5.360124979798524,517.8550343268728
10025,433,1084,39.94,94600,44432,33510,75.4186172128196,1.98,1.93,2.14,44432,8282,5265,18.639719121353977,11.849567879006122,94600,5817,9220,15.895348837209303,85930,12.483894058697208,4.362728785357737,6.227953410981697,457.71670190274847
10026,220,449,49,34003,14199,11463,80.7310373969998,2.29,2.33,2.13,14199,2609,7825,18.37453341784633,55.10951475456019,34003,1168,1988,9.281533982295679,58884,14.529693362660112,5.170248910554694,8.261319152079178,647.001735141017
10027,327,657,49.77,59707,22839,19870,87.00030649327904,2.26,2.27,2.2,22839,4989,10318,21.84421384473926,45.17710933053111,59707,2112,3556,9.49302426851123,46113,12.250640460291462,3.363079381992541,9.887231397620317,547.674477029494
10028,257,650,39.54,45141,25158,16843,66.9488830590667,1.79,1.62,2.12,25158,1179,417,4.686382065347007,1.657524445504412,45141,3218,4265,16.576947785826633,125140,1.3587171182557862,2.2556855000462863,4.026907766840497,569.3272191577502
10029,544,1070,50.84,76003,29378,27352,93.10368302811628,2.45,2.47,2.17,29378,14248,7875,48.49887671046361,26.8057730274355,76003,3313,6250,12.582398063234345,34016,33.90028400126223,7.187864644107352,10.830416180474524,715.7612199518439
10030,186,329,56.53,26999,11395,10251,89.96050899517331,2.29,2.3,2.19,11395,2078,8007,18.23606845107503,70.26766125493637,26999,1010,1494,9.274417571021148,37232,33.51915829145729,8.829558998808105,11.34684147794994,688.914404237194
10031,407,670,60.75,56438,20638,18502,89.65015989921504,2.72,2.76,2.35,20638,9661,7106,46.81170656071325,34.43163097199341,56438,2230,3841,10.756936815620682,49891,27.66974816703857,5.428492059817584,16.493819158294365,721.1453276161452
10032,508,857,59.28,57331,20228,18718,92.535099861578,2.79,2.83,2.33,20228,12139,4005,60.01087601344671,19.79928811548349,57331,2680,4509,12.539463815387835,50391,32.9045330317595,6.480736180303261,17.85846368046642,886.0825731279762
10033,439,730,60.14,53926,18975,16998,89.58102766798419,2.8,2.87,2.17,18975,11515,889,60.68511198945982,4.685111989459815,53926,2457,3977,11.931164929718504,58614,29.43211886830857,6.8765242752621125,11.693862670655973,814.0785520899009
10034,212,416,50.96,38908,15007,13640,90.89091757179982,2.58,2.63,2.05,15007,9200,1234,61.30472446191777,8.222829346305058,38908,1528,2601,10.61221342654467,54716,30.748679714196957,5.709816190848651,13.36793827994454,544.8750899557931
10035,301,580,51.9,33969,12775,11583,90.6692759295499,2.44,2.46,2.19,12775,5731,4966,44.86105675146771,38.87279843444227,33969,1547,2300,11.325031646501222,30081,22.366232326032716,4.6419877444808195,15.999328464702426,886.1020342076598
10036,189,404,46.78,24711,15183,13515,89.01402884805374,1.59,1.58,1.71,15183,2100,1267,13.831258644536653,8.34485938220378,24711,1250,1254,10.13313908785561,91936,10.399802261632578,3.6720094177306892,7.122158833650276,764.8415685322326
10037,146,282,51.77,17416,8885,8231,92.63927968486213,1.91,1.91,1.9,8885,1163,6853,13.089476646032638,77.12999437253798,17416,985,2029,17.30592558566835,45041,22.176549172746892,9.722767611717584,11.175685227361972,838.3096003674782
10038,114,238,47.9,20300,9410,7040,74.81402763018066,1.98,2.02,1.89,9410,1205,553,12.805526036131775,5.87672688629118,20300,1082,1798,14.187192118226601,86058,17.845249755142017,4.037522976484756,5.057995816695189,561.576354679803
10039,178,340,52.35,24527,10070,8954,88.91757696127111,2.41,2.46,2,10070,2244,6933,22.284011916583914,68.84806355511421,24527,904,1834,11.163207893342031,39653,27.45762711864407,8.610348113683502,11.345927462301699,725.7308272516002
10040,329,543,60.59,41905,15718,14083,89.59791322051151,2.61,2.68,2.01,15718,9632,891,61.28006107647283,5.668660134877211,41905,1942,3599,13.222765779739888,47137,32.142636425437246,7.9105612385955215,10.937931987835222,785.1091755160483
10044,68,155,43.87,11661,4501,4004,88.95800933125972,2.17,2.19,1.98,4501,531,627,11.797378360364362,13.930237724950011,11661,771,973,14.955835691621644,100441,9.856781802864365,4.887477564545078,9.01560127019191,583.1403824714861
10065,182,520,35,32270,18544,12763,68.82549611734254,1.72,1.66,1.86,18544,944,253,5.090595340811044,1.3643226919758413,32270,2689,3641,19.615742175395106,127375,2.7890056588520613,2.368333885392514,3.4945346141106324,563.9913232104121
10069,32,81,39.51,5199,2696,1893,70.21513353115726,1.93,1.82,2.19,2696,170,106,6.3056379821958455,3.931750741839762,5199,204,227,8.290055779957683,110625,2.8605015673981193,2.2790439132851583,2.5847693162868257,615.5029813425658
10075,226,488,46.31,26121,14622,8565,58.57611817808781,1.74,1.56,1.98,14622,703,199,4.807823827109835,1.3609629325673642,26121,1965,2912,18.670801271008,137146,1.96647032170367,0.7992090302381148,2.5294553843618686,865.2042417977872
10128,306,801,38.2,60453,32306,22604,69.96842691760044,1.85,1.73,2.15,32306,2777,1386,8.59592645329041,4.29022472605708,60453,3430,4955,13.870279390600961,114010,4.906975986445538,3.3261666877450358,4.1912229669912735,506.17835343159146
10280,23,66,34.85,7853,4053,2982,73.57512953367875,1.94,1.94,1.94,4053,285,114,7.031828275351591,2.8127313101406366,7853,252,272,6.672609193938622,169844,2.1271929824561404,3.2951945080091534,3.9206712433257054,292.8817012606647
10282,36,65,55.38,4783,2215,2091,94.4018058690745,2.16,2.12,2.81,2215,154,53,6.952595936794583,2.3927765237020315,4783,91,214,6.376750993100565,250001,1.1205737337516808,2.6674233825198637,2.1566401816118046,752.6656909889191
10301,324,592,54.73,39706,14719,8667,58.883076295944015,2.51,2.4,2.67,14719,2879,3184,19.559752700591073,21.631904341327534,39706,1944,2789,11.92011282929532,55802,21.08496100490027,3.315127651467039,8.793767729370423,815.997582229386
10302,156,297,52.53,19088,6002,2966,49.4168610463179,3.16,3.16,3.16,6002,1794,1210,29.890036654448515,20.15994668443852,19088,717,1053,9.272841575859179,64103,21.060335013823387,2.454669859733151,14.924734861443723,817.2673931265717
10303,229,448,51.12,26337,8239,3745,45.45454545454545,3.19,3.08,3.28,8239,2479,2959,30.088602985799245,35.91455273698264,26337,762,1057,6.906633253597601,62558,23.406081412457088,2.806821010704506,11.737615135673387,869.4991836579716
10304,482,899,53.62,42193,14438,7072,48.98185344230503,2.84,2.67,3.01,14438,2853,3900,19.76035461975343,27.012051530682918,42193,2079,3081,12.229516744483682,52199,25.762066045723962,4.207688222558112,8.987295232648393,1142.369587372313
10305,369,798,46.24,41749,15145,6131,40.482007263123144,2.71,2.37,2.94,15145,2103,552,13.885770881479036,3.644767249917465,41749,2246,3188,13.015880619895087,76489,12.753188297074269,4.325429891674873,6.768426634345882,883.8535054731849
10306,479,1069,44.81,55909,20856,6805,32.62850019179133,2.66,2.25,2.86,20856,1976,407,9.474491752972765,1.9514767932489452,55909,3425,5318,15.637911606360335,79569,9.176788124156547,2.86428179657505,6.124687671399841,856.7493605680659
10307,133,268,49.63,14096,4925,1435,29.13705583756345,2.86,2,3.21,4925,303,26,6.152284263959391,0.5279187817258884,14096,602,767,9.711975028376845,80893,3.4437335340609714,3.5218562253987984,6.4118500103584015,943.5300794551646
10308,248,556,44.6,27357,10142,2256,22.24413330704003,2.69,2.12,2.86,10142,642,35,6.330112403865115,0.34509958588049694,27357,1735,2339,14.891983770150235,93963,4.160405709992487,4.788930328090373,3.832225285119723,906.532148992945
10309,298,646,46.13,32519,10962,2797,25.515416894727238,2.87,2.06,3.15,10962,645,72,5.883962780514505,0.6568144499178982,32519,1477,1929,10.473876810480027,103175,5.730983949755757,2.124872653180032,3.4104691214282252,916.3873427842185
10310,206,429,48.02,24962,8361,3645,43.59526372443487,2.98,2.9,3.03,8361,1872,1718,22.38966630785791,20.54778136586533,24962,933,1453,9.558528964025319,72093,19.530313922837287,2.835725903401457,12.785517290149212,825.2543866677349
10312,558,1104,50.54,59304,21018,4284,20.382529260633742,2.82,2.05,3.01,21018,1337,160,6.361214197354649,0.7612522599676468,59304,3486,4295,13.120531498718469,95064,4.31671499392012,3.3430272062620605,3.3321555730709647,940.9146094698502
10314,839,1690,49.64,85510,30709,9578,31.189553551076234,2.74,2.35,2.92,30709,3188,1158,10.381321436712364,3.7708815005373015,85510,5244,7425,14.81581101625541,86742,7.716344620878771,3.13061329227611,5.958796143553649,981.1717927727751
10451,476,849,56.07,45713,17106,14704,85.9581433415176,2.66,2.76,2.03,17106,8996,7112,52.58973459604817,41.57605518531509,45713,1918,3535,11.928772996740534,28921,39.45510641635727,5.770296481019673,15.336658354114713,1041.2792859799183
10452,698,1107,63.05,75371,24796,24000,96.78980480722697,3,3,2.98,24796,15818,7908,63.792547185029846,31.89224068398129,75371,1994,3243,6.948295763622614,28277,47.27857306897344,6.848207637485373,17.202425273907032,926.0856297514961
10453,734,1194,61.47,78309,25307,24158,95.4597542182005,3.02,3.01,3.39,25307,15583,8788,61.575848579444425,34.725570000395145,78309,1878,3178,6.456473713110881,25275,52.703000073351426,7.940840938722295,14.514749022164278,937.3124417372204
10454,336,571,58.84,37337,11978,11323,94.53164134246119,3.03,3.01,3.5,11978,8623,2904,71.9903155785607,24.244448154950742,37337,1307,2071,9.047325709082143,21149,54.84164957849168,7.90219238983568,21.448807915268272,899.911615823446
10455,326,584,55.82,39665,12880,11932,92.63975155279503,2.99,2.96,3.3,12880,9455,3089,73.40838509316771,23.982919254658384,39665,1351,2127,8.768435648556663,26801,50.70481216582182,8.282279953470336,18.022489336952308,821.8832724064036
10456,741,1253,59.14,86547,28122,26432,93.99047009458786,2.98,2.98,3.08,28122,14907,12268,53.00832088756135,43.6242088044947,86547,2533,4180,7.756479138502778,27106,49.69779684148957,8.81712116952488,15.060092774810233,856.1821900239175
10457,644,1062,60.64,70496,22873,21271,92.99610894941634,2.97,2.96,3.2,22873,14105,7611,61.66659380055087,33.27504044069427,70496,2051,3253,7.5238311393554245,27420,50.98238207355688,8.222640989106953,16.64521763110723,913.5270086246029
10458,631,1114,56.64,79492,26201,24995,95.39712224724248,2.92,2.9,3.23,26201,15785,5861,60.24579214533796,22.369375214686464,79492,2078,3135,6.557892618125094,33932,46.796422549666445,9.357853710220608,17.234267983501724,793.7905701202636
10459,440,764,57.59,47308,15398,13735,89.19989609040135,2.99,2.95,3.26,15398,10528,4392,68.3725159111573,28.523184829198595,47308,1532,2425,8.364335841718102,27687,46.99059943840801,5.672818734917236,15.533122599503757,930.0752515430794
10460,467,831,56.2,57311,19512,17533,89.85752357523576,2.88,2.84,3.24,19512,12478,5842,63.950389503895046,29.940549405494053,57311,1789,3108,8.544607492453455,26866,50.320403071956164,10.276690734718624,13.451468886071764,814.852297115737
10461,653,1194,54.69,50502,19772,13716,69.37082743273317,2.44,2.3,2.77,19772,6841,1138,34.59943354238317,5.755613999595387,50502,2994,4587,15.011286681715575,56612,16.3153167432768,5.688888888888889,11.13015873015873,1293.018098293137
10462,765,1387,55.16,75784,29855,23328,78.13766538268297,2.53,2.47,2.74,29855,12795,8586,42.857142857142854,28.75900184223748,75784,3095,4700,10.285812308666738,52409,24.54050028771621,7.762694217523626,10.457712638154733,1009.4479045708857
10463,486,1089,44.63,67970,28408,19799,69.69515629400169,2.31,2.38,2.15,28408,11027,3629,38.8165305547733,12.77457054350887,67970,4339,7472,17.376783875239077,58551,20.75517746321735,5.873636650715379,8.237180265746836,715.0213329410034
10464,43,107,40.19,4534,2089,944,45.18908568693155,2.16,1.92,2.36,2089,277,56,13.259932982288175,2.680708472953566,4534,379,538,20.224966916629906,93365,10.987849973586899,5.1996985681989445,8.779201205727203,948.3899426554918
10465,552,1129,48.89,42230,15770,7542,47.824984147114776,2.57,2.39,2.73,15770,5151,1158,32.66328471781864,7.343056436271402,42230,2580,4063,15.730523324650722,74796,13.498812054520446,4.669332740872399,8.938754350884988,1307.1276343831398
10466,737,1265,58.26,67813,23318,15598,66.89252937644738,2.87,2.73,3.16,23318,4880,16288,20.92803842525088,69.85161677673901,67813,2836,4516,10.841579048265082,51477,27.830745865676683,7.19056974459725,12.45361274830823,1086.812263135387
10467,1142,1942,58.81,97060,35524,31129,87.62808242315054,2.68,2.65,2.89,35524,15833,12698,44.56986825807904,35.74484855309087,97060,3668,5983,9.943334020193696,37015,36.088424262223675,9.071782563974692,14.594956830720317,1176.5917988872864
10468,765,1174,65.16,76103,24909,22622,90.81857962985266,2.98,3.02,2.6,24909,16237,5569,65.18527439881167,22.357380866353527,76103,2402,4089,8.529230122334205,36046,41.6014883438378,7.799351422355404,18.363367677845737,1005.2166143253223
10469,925,1531,60.42,66631,22554,12570,55.73290768821495,2.84,2.68,3.05,22554,5196,12549,23.03804203245544,55.63979781856877,66631,3799,5737,14.31165673635395,63652,18.347438752783965,6.432984152565135,10.533619840630317,1388.2427098497697
10470,156,286,54.55,15293,6390,4341,67.93427230046947,2.38,2.25,2.66,6390,835,1872,13.067292644757433,29.295774647887324,15293,826,1370,14.359510887334073,57160,18.729427254772876,5.38603317632603,11.294286299406103,1020.074543908978
10471,183,440,41.59,22922,9305,4746,51.00483610961849,2.14,2.04,2.25,9305,1731,860,18.60290166577109,9.2423428264374,22922,1937,3439,23.45345083326062,85707,6.431728308909049,5.827005612413338,6.322218553978211,798.3596544804118
10472,582,926,62.85,66358,22002,18758,85.25588582856103,2.99,2.93,3.28,22002,13752,5866,62.50340878101991,26.661212617034813,66358,2489,3767,9.427650019590706,30977,41.028921277470644,7.234687981510016,21.439233436055467,877.0607914644805
10473,638,1101,57.95,58519,20571,15333,74.53696952019834,2.83,2.71,3.18,20571,11268,8192,54.7761411696077,39.82305186913616,58519,2520,4449,11.90895264785796,41638,30.82875567231908,6.199021207177815,9.751364122180345,1090.244194193339
10474,97,157,61.78,12281,3633,3341,91.96256537296999,3.12,3.12,3.11,3633,2573,963,70.82301128543904,26.507018992568128,12281,290,460,6.106994544418207,25493,48.36582568807339,6.765724177726486,20.52798615118292,789.8379610780881
10475,520,887,58.62,40931,18534,9693,52.29847847199741,2.15,2.16,2.14,18534,4553,11214,24.565663105643683,60.505017805114925,40931,2966,5794,21.401871442183186,50832,14.222506530198839,5.7313555830243095,7.548413679439638,1270.430724878454
11429,381,542,70.3,25105,7290,2383,32.688614540466396,3.42,2.96,3.65,7290,809,5755,11.097393689986284,78.9437585733882,25105,1273,2086,13.379804819757021,83240,14.359673024523161,10.916267268113899,8.40710459543276,1517.6259709221272
11004,239,367,65.12,14016,4975,1334,26.814070351758794,2.58,2.1,2.75,4975,452,245,9.085427135678392,4.924623115577889,14016,1156,1839,21.36843607305936,92657,4.383932020084975,2.829478214093599,4.131253362022592,1705.1940639269405
11101,258,520,49.62,25484,10429,8849,84.84993767379423,2.38,2.4,2.22,10429,2940,1884,28.19062230319302,18.0650110269441,25484,919,1390,9.060587035002355,65392,17.943655554711825,6.126731011330256,7.422949596680188,1012.3999372155077
11102,214,404,52.97,34133,14083,12028,85.4079386494355,2.4,2.38,2.51,14083,3302,1108,23.44670879784137,7.867641837676631,34133,1334,2184,10.306741276770282,64067,14.466034271725825,4.310576836817081,13.259172871624653,626.9592476489028
11103,190,350,54.29,38780,16890,14358,85.0088809946714,2.29,2.24,2.58,16890,3242,269,19.194789816459444,1.5926583777383065,38780,1627,2307,10.144404332129964,71437,6.3006702840727735,5.435098952270081,14.04976717112922,489.9432697266632
11104,178,308,57.79,27232,11831,9835,83.12906770349083,2.3,2.28,2.4,11831,2850,220,24.089257036598767,1.859521595807624,27232,1211,1943,11.581962397179788,61269,7.513555383423702,4.517033203967228,17.674644243208277,653.6427732079907
11105,186,377,49.34,36688,16120,11959,74.18734491315136,2.27,2.17,2.57,16120,2588,286,16.054590570719604,1.7741935483870968,36688,2066,2931,13.620257304840818,73959,8.97611143656838,3.730623748423941,11.054661425498777,506.9777583951156
11106,234,457,51.2,38875,17101,14219,83.14718437518273,2.26,2.22,2.42,17101,4036,1209,23.60095900824513,7.069762002222093,38875,1813,2937,12.218649517684888,63703,12.688323917137476,5.593791184653683,10.960609166788696,601.9292604501608
11109,29,80,36.25,3523,1975,1577,79.84810126582278,1.78,1.78,1.79,1975,153,89,7.746835443037975,4.506329113924051,3523,76,51,3.6048822026681804,148590,0,3.232887647176212,7.683097186190381,823.1620777746239
11201,285,700,40.71,51128,23325,13949,59.80278670953913,1.96,1.91,2.03,23325,2344,2860,10.04930332261522,12.261521972132904,51128,2480,3342,11.38710686903458,124996,7.7528770442156265,4.05271457535481,6.82135616129759,557.4245032076358
11203,642,1017,63.13,76174,26420,16533,62.5775927327782,2.81,2.57,3.23,26420,1487,23399,5.6283118849356555,88.5654806964421,76174,4272,6997,14.793761650957018,51277,16.868988869277043,5.243579975798862,11.659122484650204,842.8072570693413
11204,908,1456,62.36,78134,25449,17099,67.18928052182797,3.07,2.87,3.46,25449,2440,152,9.58780305709458,0.5972729773272034,78134,4087,5855,12.724294161312615,49785,25.770094487521717,5.001479054315426,13.386579288688646,1162.106125374357
11205,317,581,54.56,40366,14690,11708,79.70047651463581,2.57,2.59,2.53,14690,2801,5454,19.067392784206945,37.12729748127978,40366,1079,1811,7.15949066045682,56708,26.47600343684792,5.968006562756358,8.777686628383922,785.3143734826339
11206,536,945,56.72,81677,28025,25465,90.86529884032115,2.9,2.85,3.38,28025,11940,7598,42.60481712756467,27.11150758251561,81677,2510,4609,8.716040011263882,36404,38.805489337027254,6.411411411411412,11.552177177177176,656.2434957209497
11207,658,1087,60.53,93386,31118,23596,75.8274953403175,2.94,2.86,3.2,31118,9777,19783,31.419114338967802,63.57413715534418,93386,3312,5306,9.228363994603045,37243,34.37123947051745,6.557969766881305,10.789917702558451,704.6024029297753
11208,713,1100,64.82,94469,29211,21739,74.42059498134265,3.21,3.08,3.6,29211,11691,13620,40.022594228201704,46.62627092533634,94469,2895,4487,7.814203601181339,40733,28.765420589789002,4.493360605175157,9.429888639979222,754.744942785464
11209,419,848,49.41,68853,31065,20968,67.49718332528569,2.21,2.11,2.41,31065,3717,508,11.965234186383391,1.6352808627072268,68853,3949,6126,14.63262312462783,72314,11.048912857971805,4.49639868534533,9.731707885597073,608.542837639609
11210,663,1083,61.22,62008,20653,12229,59.21173679368614,3,2.67,3.47,20653,1633,12087,7.906841621071998,58.52418534837553,62008,2626,4089,10.829247838988518,65900,16.082094579422463,5.090034786167383,9.522713321055862,1069.2168752419043
11211,948,1490,63.62,90117,33489,28365,84.69945355191257,2.67,2.66,2.73,33489,8661,1204,25.86222341664427,3.5952103675833853,90117,2754,4413,7.952994440560604,71225,21.463030672354254,3.8764900959039164,8.66122912371904,1051.9657778221645
11212,584,920,63.48,84500,30201,25929,85.8547730207609,2.73,2.69,2.99,30201,4550,24707,15.065726300453628,81.80854938578193,84500,3035,5339,9.910059171597634,26239,43.98168754371463,10.434782608695652,13.569794050343251,691.1242603550296
11213,615,1002,61.38,63767,23142,19506,84.28830697433239,2.72,2.6,3.33,23142,2241,17237,9.683691988592171,74.48362285022903,63767,2527,4243,10.616776702683206,41710,30.199384664562274,6.247334754797442,12.669983416252073,964.4486960339987
11214,493,933,52.84,88630,32212,22329,69.31888737116603,2.72,2.6,3.01,32212,3292,315,10.219793865640133,0.9778964361107663,88630,5637,8167,15.574861784948663,54041,23.333228948110104,4.681533659965477,16.199675692640312,556.2450637481666
11215,265,619,42.81,63488,28077,18212,64.86447982334295,2.23,2.07,2.52,28077,3995,1459,14.228728140470848,5.196424119385974,63488,2344,3214,8.754410282258064,123583,4.983411908503579,3.4008046266029672,4.783756600452603,417.40171370967744
11216,278,525,52.95,54316,23193,19336,83.3699823222524,2.31,2.2,2.86,23193,2261,16984,9.748631052472728,73.22899150605787,54316,2097,3287,9.912364680757053,61121,18.410232983097305,5.021114555617936,10.559718798056974,511.8197216289859
11217,228,447,51.01,35881,16269,11627,71.46720757268425,2.13,2.04,2.35,16269,2742,3085,16.85413977503227,18.962443911733974,35881,1320,2024,9.319695660656057,107362,11.193901530349057,4.8705407531552485,5.653794848992715,635.4337950447311
11218,703,1186,59.27,75220,25240,17531,69.45721077654517,2.95,2.93,3,25240,4308,2646,17.06814580031696,10.483359746434232,75220,2929,4349,9.675618186652486,69415,17.34094747848468,4.715074155670126,11.633241727043538,934.591863865993
11219,1314,1908,68.87,92221,26177,19908,76.05149558772969,3.49,3.45,3.61,26177,3095,270,11.823356381556328,1.031439813576804,92221,3632,5459,9.857841489465523,39295,35.624232501023336,3.937682656177899,11.881166362697488,1424.8381605057416
11220,556,893,62.26,99598,29018,22058,76.014887311324,3.42,3.48,3.24,29018,11255,674,38.78627059066786,2.322696257495348,99598,3744,5188,8.968051567300549,47079,28.34098921055443,4.605338153630694,23.63737033237253,558.2441414486235
11221,462,779,59.31,78895,28391,22958,80.86365397485119,2.73,2.63,3.15,28391,9524,16202,33.54584199218062,57.06738050790744,78895,2624,4303,8.780024082641486,50153,29.036960253960025,7.616522075093955,15.159284886375609,585.588440332087
11222,177,392,45.15,36934,17033,14089,82.71590442083016,2.16,2.1,2.41,17033,2088,276,12.258556918922093,1.6203839605471733,36934,1390,2234,9.812097254562193,85111,8.866481223922113,4.078251674303842,10.574550581600283,479.23322683706067
11223,618,1118,55.28,78731,28421,18935,66.6232715245769,2.77,2.57,3.16,28421,2965,1044,10.43242672671616,3.673340135815066,78731,4859,6702,14.684177769874637,50108,26.597038414765006,5.886425140028111,12.88048836770228,784.9512898350077
11224,296,534,55.43,47621,19774,14175,71.68504096288055,2.34,2.34,2.35,19774,2691,3732,13.608779205016688,18.873267927581672,47621,4173,6559,22.53627601268348,33131,41.212283044058744,6.596713844151619,10.017081503172278,621.5745154448667
11225,450,716,62.85,56829,22501,19223,85.43175858850718,2.52,2.44,3.02,22501,2260,16170,10.043998044531355,71.86347273454513,56829,2397,4135,11.494131517359095,55862,17.34494918066791,5.970111892663145,10.713659916393402,791.8492319062451
11226,639,1032,61.92,101572,36101,31980,88.58480374504862,2.78,2.74,3.05,36101,5291,26194,14.65610370903853,72.55754688235783,101572,3668,6174,9.689678257787579,52052,26.74434432254376,5.554005888733922,15.55400588873392,629.1103847517032
11228,229,421,54.39,41788,15572,7677,49.30002568713075,2.67,2.47,2.86,15572,1352,74,8.68225019265348,0.4752119188286668,41788,2760,3943,16.04049009284962,67911,13.948778256892721,4.808362369337979,8.674124335228313,548.0042117354265
11229,565,1053,53.66,80018,30601,17340,56.66481487533087,2.61,2.38,2.9,30601,2053,1514,6.708931080683637,4.947550733636156,80018,5197,7684,16.09762803369242,60873,20.057519550184193,4.670060896475991,9.933113706698613,706.0911294958635
11230,1054,1670,63.11,86408,30859,22140,71.74568197284422,2.79,2.58,3.32,30859,2566,2567,8.31524028646424,8.318480832172138,86408,5003,7180,14.09938894546801,49541,25.134109642810415,4.577035592393954,13.237445148707947,1219.794463475604
11231,191,394,48.48,33336,15216,11527,75.75578338590957,2.19,2.09,2.5,15216,2871,1780,18.868296529968454,11.698212407991587,33336,1286,1932,9.653227741780658,100213,17.672907909820402,6.441619055282851,6.208256216303211,572.9541636669067
11232,193,304,63.49,28265,8403,6532,77.73414256813042,3.11,3.16,2.94,8403,4189,315,49.85124360347495,3.7486611924312747,28265,770,1024,6.347072350964089,56661,22.01543349977304,5.174203968620212,20.385325334563912,682.8232796745091
11233,412,691,59.62,67053,25693,20650,80.37208578211964,2.57,2.49,2.91,25693,3223,21128,12.54427275911727,82.23251469271786,67053,2234,3891,9.134565194696732,40449,28.73061850400409,4.437728975638027,12.33208453211351,614.4393241167435
11234,759,1287,58.97,87757,31213,11448,36.6770255983084,2.81,2.48,3,31213,2330,11946,7.464838368628455,38.27251465735431,87757,4839,7136,13.645635106031428,81399,11.836029527249883,5.625747870767931,9.194411205743648,864.8882710211151
11235,588,1111,52.93,79132,33886,21452,63.30638021601841,2.3,2.19,2.49,33886,2250,563,6.639910287434339,1.6614531074780146,79132,6487,9813,20.59849365616944,52538,24.15011311165515,4.565609750662893,14.13578733929009,743.0622251427993
11236,871,1376,63.3,93877,31778,17409,54.78318333438228,2.91,2.69,3.19,31778,2397,25535,7.542954245075209,80.35433318648121,93877,3737,6441,10.841846245619267,67669,15.563968511507722,4.644347465995604,10.629758226356193,927.8097936661803
11237,320,485,65.98,49896,15512,14058,90.62661165549251,3.16,3.14,3.29,15512,10239,1145,66.0069623517277,7.381382155750386,49896,1254,1768,6.05659772326439,51413,27.479091995221026,4.96125791161695,24.34649334430789,641.333974667308
11238,339,611,55.48,49262,22648,16818,74.25821264570823,2.12,2.06,2.29,22648,2230,10053,9.846344048039562,44.38802543270929,49262,1846,3226,10.295968494985994,85407,12.2173789057726,5.112766608837636,7.059393815695479,688.157200276075
11239,172,267,64.42,13393,6280,6117,97.40445859872612,2.11,2.1,2.34,6280,968,3180,15.414012738853502,50.63694267515923,13393,1179,2251,25.61039348913612,27104,39.4441159077469,5.718978647155443,5.554725996714947,1284.2529679683416
11357,323,570,56.67,39150,15149,3818,25.20298369529342,2.56,2.45,2.59,15149,1321,83,8.72004752788963,0.547890949897683,39150,3588,4699,21.167305236270753,83951,6.145366861867034,4.435851761741322,8.141808228700526,825.0319284802043
11355,412,653,63.09,85871,28837,19564,67.84339563754898,2.96,2.91,3.08,28837,4051,1121,14.047924541387802,3.8873669244373548,85871,4811,6759,13.473698920473733,39207,17.34767804100558,2.6665138578495977,29.037495463488245,479.78945161928937
11354,297,508,58.46,54878,20120,11955,59.41848906560636,2.64,2.64,2.63,20120,2762,716,13.727634194831015,3.558648111332008,54878,3926,5953,18.0017493348883,42500,13.404932378679396,2.899216350432012,25.266239917329276,541.2004810670943
11356,205,378,54.23,23438,7751,4065,52.44484582634499,3.02,2.93,3.12,7751,2362,134,30.473487291962325,1.7288091859114951,23438,1091,1433,10.768836931478795,60493,9.72762645914397,2.584792122538293,17.73796498905908,874.6480075091731
11358,205,407,50.37,37546,13380,5857,43.77428998505232,2.8,2.64,2.93,13380,1755,134,13.11659192825112,1.0014947683109117,37546,2432,3114,14.771213977520908,66129,7.176813372182181,3.011529857167441,16.43865083462399,545.9969104565067
11360,118,265,44.53,18884,8758,2540,29.002055263758848,2.15,2.21,2.13,8758,560,114,6.394153916419273,1.3016670472710665,18884,2039,2957,26.456259267104425,86174,4.7069789118024,3.3747126436781607,6.298850574712643,624.8676127938996
11361,178,318,55.97,28606,10645,4711,44.2555190230155,2.64,2.43,2.81,10645,1116,404,10.483795209018318,3.7952090183184595,28606,1719,2625,15.185625393274139,85887,5.834829443447038,3.3093188074737894,9.822526796696538,622.2470810319513
11362,124,257,48.25,17823,7020,1331,18.96011396011396,2.51,2.58,2.49,7020,435,91,6.196581196581197,1.2962962962962963,17823,1537,2052,20.136901756157773,89185,4.460914557404559,3.5311795642374153,8.020285499624343,695.7302362116367
11363,52,114,45.61,6988,2669,765,28.662420382165603,2.62,2.44,2.69,2669,194,21,7.268639940052454,0.7868115399025852,6988,559,730,18.445907269605037,104792,5.411499436302142,3.9630440068076833,5.348893751519572,744.1327990841442
11364,196,360,54.44,34555,13287,3571,26.875893730714235,2.6,2.65,2.58,13287,1025,314,7.714307217581094,2.363212162263867,34555,2310,3362,16.414411807263782,76988,6.699129408292754,3.2545300743510976,10.867726281109478,567.2116915062943
11365,313,557,56.19,42252,15463,8749,56.580223759943095,2.72,2.5,3,15463,1957,1488,12.656017590377028,9.622970962943802,42252,2562,3739,14.912903531193788,66483,9.742469976237878,6.403322050458876,12.297169975922113,740.7933352267348
11366,196,314,62.42,13532,4519,1339,29.630449214427973,2.96,2.7,3.06,4519,458,313,10.134985616286789,6.926311130781146,13532,942,1207,15.880874963050548,78990,8.612130369091302,5.784018722835172,6.853895018388499,1448.4185634052617
11367,485,776,62.5,41047,14972,7632,50.97515362009084,2.68,2.58,2.79,14972,2285,1628,15.261822067860006,10.873630777451242,41047,2133,3122,12.802397251930714,57933,14.83539094650206,4.671033893477642,9.801847255564146,1181.5723438984578
11368,1659,2132,77.81,109931,28861,23022,79.76854578843422,3.77,3.8,3.67,28861,18969,4213,65.72537334118707,14.597553792314887,109931,3365,4654,7.294575688386351,50797,30.236474633359062,3.6694140228068197,35.46488653042791,1509.1284533025262
11369,608,813,74.78,38615,11194,5951,53.16240843308916,3.36,3.43,3.27,11194,6298,2554,56.26228336608897,22.815794175451135,38615,1621,2449,10.539945616988216,54121,16.524188847872548,4.906266232233083,20.201161637625724,1574.5176744788293
11370,633,1089,58.13,39688,9415,5139,54.58311205523101,3.03,2.99,3.08,9415,3644,123,38.704195432819965,1.3064259160913436,39688,1492,2046,8.914533360209635,65098,11.034655323407982,4.227895392278954,11.519302615193027,1594.9405361822214
11372,916,1268,72.24,66636,23906,15763,65.93742156780723,2.77,2.99,2.36,23906,11665,545,48.79528151928386,2.279762402744081,66636,3223,5012,12.358184764991895,56383,13.101536911060721,3.4526822795075316,18.67643083577028,1374.6323308722012
11373,1142,1663,68.67,100820,31348,22970,73.27421207094551,3.21,3.22,3.18,31348,11890,621,37.929054485134614,1.9809876228148524,100820,4270,5855,10.042650267804007,51183,15.889053987122336,3.240025373692686,24.37338364698037,1132.7117635389804
11374,523,876,59.7,43600,19311,11458,59.33405830873595,2.26,2.16,2.4,19311,2805,596,14.525400031070374,3.086323856869142,43600,3038,4502,17.293577981651374,63161,13.375566543057271,3.5584953070726484,10.863942058975686,1199.5412844036696
11375,744,1359,54.75,68733,32547,16366,50.28420438135619,2.1,2,2.2,32547,3585,961,11.014840077426491,2.9526530863059572,68733,5037,7773,18.63733577757409,80542,7.307423075752503,3.639176644692587,5.977846540203596,1082.4494784164813
11377,736,1141,64.5,89830,31412,22138,70.47625111422387,2.85,2.89,2.75,31412,10142,954,32.28702406723546,3.0370559022029795,89830,3967,5911,10.996326394300345,57010,8.936305732484076,2.9492005387298406,18.64316054839935,819.3253924078816
11378,263,463,56.8,34981,12762,6474,50.72872590503056,2.72,2.63,2.82,12762,2826,106,22.143864598025388,0.8305908164864441,34981,1897,2635,12.95560447099854,73333,7.132656299587432,4.431885782272457,12.781507606016826,751.8367113575941
11379,317,576,55.03,34821,13881,6139,44.22592032274332,2.48,2.27,2.65,13881,1801,85,12.974569555507529,0.612347813558101,34821,2458,3692,17.661755836994917,82819,5.146623222748816,3.8277716138943414,9.366732098660066,910.3701789150225
11385,767,1311,58.5,98592,34843,24637,70.70860718078237,2.83,2.79,2.92,34843,12583,626,36.11342306919611,1.7966306001205408,98592,4026,5815,9.981540084388186,72261,8.273074076182885,3.7507793459162277,17.06484158023012,777.9535864978903
11411,309,424,72.88,18556,5893,1065,18.072289156626507,3.15,2.74,3.24,5893,274,5326,4.64958425250297,90.3784150687256,18556,1233,1981,17.320543220521664,93882,9.059011164274322,5.4938223638200325,8.928432667650945,1665.2295753395128
11412,496,769,64.5,34882,10691,3353,31.3628285473763,3.25,2.79,3.46,10691,527,9664,4.929379852212141,90.39378916845945,34882,1676,3000,13.405194656269709,78517,14.974182444061961,6.459795383444661,10.18432400439672,1421.9368155495672
11413,528,815,64.79,38912,12227,3828,31.307761511409176,3.16,2.93,3.26,12227,673,10945,5.50421198985851,89.51500776969003,38912,2007,3254,13.520250822368421,86324,11.848494658465523,5.447425102800079,8.568631290385746,1356.907894736842
11414,341,569,59.93,26148,10695,3000,28.050490883590463,2.44,2.39,2.46,10695,1413,188,13.211781206171109,1.7578307620383358,26148,2286,3361,21.59629799602264,71648,10.065543071161049,4.666111177240804,5.987382454469706,1304.1150374789659
11415,231,389,59.38,19341,8614,5752,66.77501741351288,2.24,2.15,2.44,8614,1757,639,20.397028093800788,7.418156489435803,19341,1077,1620,13.944470296261827,68294,7.315908819668218,3.1333712151960387,7.346375517493303,1194.3539630836049
11416,233,358,65.08,24861,7227,4377,60.5645496056455,3.43,3.25,3.7,7227,2976,700,41.17891241178913,9.685900096859001,24861,872,1210,8.3745625678774,67461,19.066093944852433,5.13187253275359,12.809657303049374,937.2108925626484
11417,315,502,62.75,28967,9230,4393,47.594799566630556,3.14,2.87,3.38,9230,2916,714,31.592632719393283,7.735644637053088,28967,1191,1652,9.814616632719991,73424,14.933774834437086,5.332159279913903,11.310047940514627,1087.4443332067526
11418,386,616,62.66,36256,11031,6509,59.006436406490806,3.25,3.07,3.52,11031,4202,1046,38.092647992022485,9.482367872359713,36256,1439,1890,9.18192850838482,66570,15.660998354360945,3.9683510746767814,20.06199274032383,1064.6513680494263
11419,386,615,62.76,47211,12688,6434,50.70933165195461,3.72,3.4,4.04,12688,2467,2277,19.44356872635561,17.94609079445145,47211,1738,2270,8.4895469276228,70882,17.709752384005128,6.539944571635137,15.21267622605133,817.6060663828346
11420,473,769,61.51,44354,12918,4978,38.535376993342624,3.43,3.11,3.63,12918,2672,4211,20.684316457655985,32.597925375445115,44354,1817,2584,9.922442169815575,67932,15.814271601185501,5.581780284453163,11.09612555174105,1066.420165035848
11421,397,604,65.73,39127,11845,5948,50.215280709159984,3.3,3.11,3.5,11845,5796,646,48.932038834951456,5.453777965386239,39127,1544,2187,9.53561479285404,72066,15.191613679326343,5.0256565046785395,15.97872019317839,1014.6446188054285
11422,417,652,63.96,30425,9408,3294,35.01275510204081,3.23,2.93,3.39,9408,727,7493,7.727465986394558,79.64498299319727,30425,1129,1907,9.978635990139688,89235,13.96457059981353,4.242539803603775,8.628086566879588,1370.583401807724
11423,336,511,65.75,29987,9559,4198,43.91672769118109,3.1,2.8,3.33,9559,1404,4285,14.68772884192907,44.82686473480489,29987,1597,2300,12.995631440290792,70266,14.345560437314806,6.336954918637234,12.457597954869476,1120.4855437356186
11426,214,383,55.87,17590,6056,1526,25.198150594451786,2.88,2.52,3.01,6056,800,289,13.210039630118892,4.772126816380449,17590,983,1421,13.66685616827743,88803,6.749528005034613,3.565891472868217,8.480620155038759,1216.6003411028994
11427,323,529,61.06,23593,7683,3114,40.53104256149941,2.96,2.65,3.18,7683,1205,2017,15.683977612911622,26.252765846674475,23593,1392,1888,13.902428686474803,74581,8.666666666666668,3.95355266795687,9.102847663809788,1369.0501419912684
11428,241,355,67.89,19168,5540,1813,32.725631768953065,3.46,2.99,3.68,5540,1255,1323,22.653429602888085,23.88086642599278,19168,868,1178,10.674040066777964,73699,9.67974091399784,4.537953795379538,9.207920792079207,1257.3038397328883
11434,752,1139,66.02,59129,20244,10754,53.12191266548113,2.84,2.51,3.21,20244,1287,17875,6.357439241256668,88.29776723967595,59129,2728,5017,13.098479595460772,62207,15.296803652968036,5.351036008851338,8.931804465902234,1271.7955656276954
11432,590,911,64.76,60809,18448,11675,63.285993061578495,3.06,2.98,3.2,18448,4130,4404,22.387250650477018,23.872506504770165,60809,3036,4352,12.14951734118305,55906,15.334016282956812,4.910529582126603,13.932561026065372,970.2511141442878
11433,308,481,64.03,32687,10230,5977,58.42619745845552,3.12,2.84,3.53,10230,1368,7809,13.372434017595308,76.33431085043988,32687,1274,2547,11.689662556979838,51521,27.52162753113414,9.549747419283989,16.253019986821876,942.2706274665769
11435,550,917,59.98,53687,17724,11359,64.08824193184383,2.97,2.87,3.13,17724,5041,4752,28.441661024599412,26.811103588354772,53687,2255,3241,10.23711513029225,64086,14.739853767086997,7.914276935682098,16.430253994264646,1024.4565723545738
11436,186,280,66.43,17949,5353,1863,34.80291425368952,3.32,3.14,3.41,5353,550,4049,10.274612366897067,75.63982813375677,17949,719,1216,10.78054487715193,75242,17.183300483784265,7.126747857465043,11.945572094421891,1036.2694300518135
11691,822,1226,67.05,60035,19518,14923,76.45762885541552,2.93,2.67,3.77,19518,4429,9730,22.691874167435188,49.85141920278717,60035,3026,4386,12.346131423336388,46147,35.78712246285326,6.661418605282446,12.372757132386873,1369.2012992421087
11692,214,332,64.46,18540,6195,4423,71.39628732849071,2.84,2.77,3,6195,1235,3881,19.93543179983858,62.64729620661824,18540,736,1121,10.016181229773464,44024,32.45781364636831,9.58399598225496,9.24081359337072,1154.2610571736784
11693,147,242,60.74,11916,4703,2583,54.92238996385286,2.48,2.52,2.42,4703,718,1225,15.26685094620455,26.047203912396345,11916,556,831,11.639812017455522,59431,23.17853457172343,4.058773937131158,6.840900879200289,1233.6354481369588
11694,267,457,58.42,20408,8276,4253,51.3895601739971,2.31,2.01,2.63,8276,784,577,9.473175447075882,6.971967133881102,20408,1591,2088,18.027244217953744,80976,10.628247520075579,3.5438144329896906,5.243234536082475,1308.310466483732
11697,44,93,47.31,4079,1736,35,2.0161290322580645,2.35,1.8,2.36,1736,25,1,1.4400921658986174,0.0576036866359447,4079,407,577,24.123559696003923,103580,1.391941391941392,3.491543917075832,1.1456628477905073,1078.695758764403
