<PAMDataset>
  <Metadata>
    <MDI key="DataType">Generic</MDI>
  </Metadata>
  <Metadata domain="Esri">
    <MDI key="PyramidResamplingType">NEAREST</MDI>
  </Metadata>
  <PAMRasterBand band="1">
    <Description>no2aa10_300m</Description>
    <NoDataValue le_hex_equiv="000000A0FFFFEFC7">-3.40282306073710E+038</NoDataValue>
    <Histograms>
      <HistItem>
        <HistMin>5.376708984375</HistMin>
        <HistMax>34.01131820678711</HistMax>
        <BucketCount>256</BucketCount>
        <IncludeOutOfRange>1</IncludeOutOfRange>
        <Approximate>0</Approximate>
        <HistCounts>1|2|3|6|0|2|5|6|5|12|13|8|9|7|8|10|7|6|20|22|18|20|26|23|36|42|40|59|48|33|27|40|30|37|21|38|27|23|28|48|46|53|59|67|69|53|57|52|54|50|50|43|41|53|43|68|37|55|43|52|45|60|45|44|46|61|48|52|55|35|58|56|48|46|56|54|52|52|60|52|49|67|55|61|70|87|65|79|88|86|106|101|114|102|115|131|122|113|129|130|142|139|149|137|146|140|147|144|121|132|144|115|106|125|117|102|112|87|90|97|100|84|88|76|85|82|76|85|74|74|85|73|85|58|57|57|60|55|49|46|43|52|49|37|40|40|33|32|32|40|37|42|31|25|29|26|25|20|13|10|9|12|15|10|16|6|10|7|9|7|6|6|15|7|8|11|7|5|8|6|3|5|4|4|5|3|5|6|0|5|3|4|0|3|1|2|4|2|0|3|3|1|3|1|2|2|1|1|1|1|2|2|0|3|4|2|1|1|2|2|0|1|2|1|3|3|0|2|0|3|2|2|2|0|2|1|0|1|1|0|0|1|3|0|3|2|0|0|0|1|0|1|0|2|0|1</HistCounts>
      </HistItem>
    </Histograms>
    <Metadata>
      <MDI key="RepresentationType">ATHEMATIC</MDI>
      <MDI key="STATISTICS_COVARIANCES">17.87828336897498</MDI>
      <MDI key="STATISTICS_EXCLUDEDVALUES"></MDI>
      <MDI key="STATISTICS_MAXIMUM">34.011318206787</MDI>
      <MDI key="STATISTICS_MEAN">16.202403173673</MDI>
      <MDI key="STATISTICS_MINIMUM">5.376708984375</MDI>
      <MDI key="STATISTICS_SKIPFACTORX">1</MDI>
      <MDI key="STATISTICS_SKIPFACTORY">1</MDI>
      <MDI key="STATISTICS_STDDEV">4.2282719128475</MDI>
    </Metadata>
  </PAMRasterBand>
</PAMDataset>
