<PAMDataset>
  <Metadata>
    <MDI key="DataType">Generic</MDI>
  </Metadata>
  <Metadata domain="Esri">
    <MDI key="PyramidResamplingType">NEAREST</MDI>
  </Metadata>
  <PAMRasterBand band="1">
    <Description>o3s10_300m</Description>
    <NoDataValue le_hex_equiv="000000A0FFFFEFC7">-3.40282306073710E+038</NoDataValue>
    <Histograms>
      <HistItem>
        <HistMin>20.64068794250488</HistMin>
        <HistMax>38.33364105224609</HistMax>
        <BucketCount>256</BucketCount>
        <IncludeOutOfRange>1</IncludeOutOfRange>
        <Approximate>0</Approximate>
        <HistCounts>1|0|0|0|0|0|1|0|0|1|0|0|2|1|0|0|0|1|0|2|1|1|2|2|1|0|1|1|2|0|1|2|4|5|0|1|2|2|5|2|1|2|4|3|5|2|3|1|2|6|3|2|2|2|2|3|3|0|3|2|4|7|4|3|7|2|6|5|6|2|8|6|6|7|8|7|11|12|8|5|17|18|11|9|14|11|9|11|20|10|14|18|20|23|16|27|21|20|16|26|31|34|31|27|36|33|41|36|32|49|51|44|55|44|53|61|74|60|57|63|61|75|56|64|69|86|71|83|68|84|102|103|108|121|121|130|118|137|138|133|120|146|160|123|140|156|159|159|165|178|191|193|181|179|196|215|196|189|160|145|129|120|106|85|93|84|65|68|68|53|51|46|62|41|49|54|52|54|41|44|30|36|38|36|31|40|48|35|50|22|38|32|28|22|22|31|18|22|32|20|20|24|19|22|25|15|21|20|20|31|10|21|14|26|15|20|22|22|19|20|19|18|20|15|21|12|22|16|16|19|15|15|14|11|9|18|11|15|18|13|8|9|19|18|31|22|15|14|19|16|13|5|5|7|8|1</HistCounts>
      </HistItem>
    </Histograms>
    <Metadata>
      <MDI key="RepresentationType">ATHEMATIC</MDI>
      <MDI key="STATISTICS_COVARIANCES">6.082832508457269</MDI>
      <MDI key="STATISTICS_EXCLUDEDVALUES"></MDI>
      <MDI key="STATISTICS_MAXIMUM">38.333641052246</MDI>
      <MDI key="STATISTICS_MEAN">31.123209246583</MDI>
      <MDI key="STATISTICS_MINIMUM">20.640687942505</MDI>
      <MDI key="STATISTICS_SKIPFACTORX">1</MDI>
      <MDI key="STATISTICS_SKIPFACTORY">1</MDI>
      <MDI key="STATISTICS_STDDEV">2.4663399012418</MDI>
    </Metadata>
  </PAMRasterBand>
</PAMDataset>
